"Date","SessionStart","FocalStart","FocalEnd","Type","Observer","Recorder","DeviceName","Group","FocalID","BehaviorStart","Actor","Behavior","Recipient","BehaviorType","Involved","Against","Start/End","Part","comment","device_ID","layout_info_json_version","behaviors_json_version","session_start_timeStamp","session_end_timeStamp","focal_start_timeStamp","focal_end_timeStamp"
2018-12-01,"10:40:19","10:41:14","10:44:39","abort","Celia;Ariek;Monika;Marcela","Celia","Diana","T","THI","10:41:31","THI","Travel State","THI",NA,NA,NA,NA,NA,NA,"F6A3E839-B990-4447-9E3F-DD728B1B335D","v2.8","v3.0","2018-12-01,10:40:19",NA,"2018-12-01,10:41:14","2018-12-01,10:44:39"
2018-12-01,"10:40:19","10:41:14","10:44:39","abort","Celia;Ariek;Monika;Marcela","Celia","Diana","T","THI","10:41:34","THI","Travel","THI",NA,NA,NA,NA,NA,NA,"F6A3E839-B990-4447-9E3F-DD728B1B335D","v2.8","v3.0","2018-12-01,10:40:19",NA,"2018-12-01,10:41:14","2018-12-01,10:44:39"
2018-12-01,"10:40:19","10:41:14","10:44:39","abort","Celia;Ariek;Monika;Marcela","Celia","Diana","T","THI","10:41:41","THI","Vigilant","THI",NA,NA,NA,NA,NA,NA,"F6A3E839-B990-4447-9E3F-DD728B1B335D","v2.8","v3.0","2018-12-01,10:40:19",NA,"2018-12-01,10:41:14","2018-12-01,10:44:39"
2018-12-01,"10:40:19","10:41:14","10:44:39","abort","Celia;Ariek;Monika;Marcela","Celia","Diana","T","THI","10:41:53","THI","Travel","THI",NA,NA,NA,NA,NA,NA,"F6A3E839-B990-4447-9E3F-DD728B1B335D","v2.8","v3.0","2018-12-01,10:40:19",NA,"2018-12-01,10:41:14","2018-12-01,10:44:39"
2018-12-01,"10:40:19","10:41:14","10:44:39","abort","Celia;Ariek;Monika;Marcela","Celia","Diana","T","THI","10:42:02","THI","Vigilant","THI",NA,NA,NA,NA,NA,NA,"F6A3E839-B990-4447-9E3F-DD728B1B335D","v2.8","v3.0","2018-12-01,10:40:19",NA,"2018-12-01,10:41:14","2018-12-01,10:44:39"
2018-12-01,"10:40:19","10:41:14","10:44:39","abort","Celia;Ariek;Monika;Marcela","Celia","Diana","T","THI","10:42:15","THI","Travel","THI",NA,NA,NA,NA,NA,NA,"F6A3E839-B990-4447-9E3F-DD728B1B335D","v2.8","v3.0","2018-12-01,10:40:19",NA,"2018-12-01,10:41:14","2018-12-01,10:44:39"
2018-12-01,"10:40:19","10:41:14","10:44:39","abort","Celia;Ariek;Monika;Marcela","Celia","Diana","T","THI","10:42:29","THI","Vigilant","THI",NA,NA,NA,NA,NA,NA,"F6A3E839-B990-4447-9E3F-DD728B1B335D","v2.8","v3.0","2018-12-01,10:40:19",NA,"2018-12-01,10:41:14","2018-12-01,10:44:39"
2018-12-01,"10:40:19","10:41:14","10:44:39","abort","Celia;Ariek;Monika;Marcela","Celia","Diana","T","THI","10:42:37","THI","Travel","THI",NA,NA,NA,NA,NA,NA,"F6A3E839-B990-4447-9E3F-DD728B1B335D","v2.8","v3.0","2018-12-01,10:40:19",NA,"2018-12-01,10:41:14","2018-12-01,10:44:39"
2018-12-01,"10:40:19","10:41:14","10:44:39","abort","Celia;Ariek;Monika;Marcela","Celia","Diana","T","THI","10:42:43","THI","Approach","TET","Not Mutual",NA,NA,NA,NA,NA,"F6A3E839-B990-4447-9E3F-DD728B1B335D","v2.8","v3.0","2018-12-01,10:40:19",NA,"2018-12-01,10:41:14","2018-12-01,10:44:39"
2018-12-01,"10:40:19","10:41:14","10:44:39","abort","Celia;Ariek;Monika;Marcela","Celia","Diana","T","THI","10:42:46","TET","Leave","THI","Not Mutual",NA,NA,NA,NA,NA,"F6A3E839-B990-4447-9E3F-DD728B1B335D","v2.8","v3.0","2018-12-01,10:40:19",NA,"2018-12-01,10:41:14","2018-12-01,10:44:39"
2018-12-01,"10:40:19","10:41:14","10:44:39","abort","Celia;Ariek;Monika;Marcela","Celia","Diana","T","THI","10:42:49","THI","Foraging State","THI",NA,NA,NA,NA,NA,NA,"F6A3E839-B990-4447-9E3F-DD728B1B335D","v2.8","v3.0","2018-12-01,10:40:19",NA,"2018-12-01,10:41:14","2018-12-01,10:44:39"
2018-12-01,"10:40:19","10:41:14","10:44:39","abort","Celia;Ariek;Monika;Marcela","Celia","Diana","T","THI","10:42:51","THI","Forage","THI",NA,NA,NA,NA,NA,NA,"F6A3E839-B990-4447-9E3F-DD728B1B335D","v2.8","v3.0","2018-12-01,10:40:19",NA,"2018-12-01,10:41:14","2018-12-01,10:44:39"
2018-12-01,"10:40:19","10:41:14","10:44:39","abort","Celia;Ariek;Monika;Marcela","Celia","Diana","T","THI","10:43:01","THI","Travel","THI",NA,NA,NA,NA,NA,NA,"F6A3E839-B990-4447-9E3F-DD728B1B335D","v2.8","v3.0","2018-12-01,10:40:19",NA,"2018-12-01,10:41:14","2018-12-01,10:44:39"
2018-12-01,"10:40:19","10:41:14","10:44:39","abort","Celia;Ariek;Monika;Marcela","Celia","Diana","T","THI","10:43:11","THI","Forage","THI",NA,NA,NA,NA,NA,NA,"F6A3E839-B990-4447-9E3F-DD728B1B335D","v2.8","v3.0","2018-12-01,10:40:19",NA,"2018-12-01,10:41:14","2018-12-01,10:44:39"
2018-12-01,"10:40:19","10:41:14","10:44:39","abort","Celia;Ariek;Monika;Marcela","Celia","Diana","T","THI","10:43:22","THI","Vigilant","THI",NA,NA,NA,NA,NA,NA,"F6A3E839-B990-4447-9E3F-DD728B1B335D","v2.8","v3.0","2018-12-01,10:40:19",NA,"2018-12-01,10:41:14","2018-12-01,10:44:39"
2018-12-01,"10:40:19","10:41:14","10:44:39","abort","Celia;Ariek;Monika;Marcela","Celia","Diana","T","THI","10:43:33","THI","Travel","THI",NA,NA,NA,NA,NA,NA,"F6A3E839-B990-4447-9E3F-DD728B1B335D","v2.8","v3.0","2018-12-01,10:40:19",NA,"2018-12-01,10:41:14","2018-12-01,10:44:39"
2018-12-01,"10:40:19","10:41:14","10:44:39","abort","Celia;Ariek;Monika;Marcela","Celia","Diana","T","THI","10:43:48","THI","Vigilant","THI",NA,NA,NA,NA,NA,NA,"F6A3E839-B990-4447-9E3F-DD728B1B335D","v2.8","v3.0","2018-12-01,10:40:19",NA,"2018-12-01,10:41:14","2018-12-01,10:44:39"
2018-12-01,"10:40:19","10:41:14","10:44:39","abort","Celia;Ariek;Monika;Marcela","Celia","Diana","T","THI","10:43:52","THI","Travel","THI",NA,NA,NA,NA,NA,NA,"F6A3E839-B990-4447-9E3F-DD728B1B335D","v2.8","v3.0","2018-12-01,10:40:19",NA,"2018-12-01,10:41:14","2018-12-01,10:44:39"
2018-12-01,"11:10:13","11:40:36","11:45:59","abort","Celia;Ariek;Monika;Marcela","Celia","Diana","T","TAB","11:41:03","TAB","Foraging State","TAB",NA,NA,NA,NA,NA,NA,"F6A3E839-B990-4447-9E3F-DD728B1B335D","v2.8","v3.0","2018-12-01,11:10:13","2018-12-01,12:11:55","2018-12-01,11:40:36","2018-12-01,11:45:59"
2018-12-01,"11:10:13","11:40:36","11:45:59","abort","Celia;Ariek;Monika;Marcela","Celia","Diana","T","TAB","11:41:06","TAB","Forage","TAB",NA,NA,NA,NA,NA,NA,"F6A3E839-B990-4447-9E3F-DD728B1B335D","v2.8","v3.0","2018-12-01,11:10:13","2018-12-01,12:11:55","2018-12-01,11:40:36","2018-12-01,11:45:59"
2018-12-01,"11:10:13","11:40:36","11:45:59","abort","Celia;Ariek;Monika;Marcela","Celia","Diana","T","TAB","11:41:11","TRU","Approach","TAB","Not Mutual",NA,NA,NA,NA,NA,"F6A3E839-B990-4447-9E3F-DD728B1B335D","v2.8","v3.0","2018-12-01,11:10:13","2018-12-01,12:11:55","2018-12-01,11:40:36","2018-12-01,11:45:59"
2018-12-01,"11:10:13","11:40:36","11:45:59","abort","Celia;Ariek;Monika;Marcela","Celia","Diana","T","TAB","11:41:15","TRU","Leave","TAB","Not Mutual",NA,NA,NA,NA,NA,"F6A3E839-B990-4447-9E3F-DD728B1B335D","v2.8","v3.0","2018-12-01,11:10:13","2018-12-01,12:11:55","2018-12-01,11:40:36","2018-12-01,11:45:59"
2018-12-01,"11:10:13","11:40:36","11:45:59","abort","Celia;Ariek;Monika;Marcela","Celia","Diana","T","TAB","11:41:20","TAB","Scratch","TAB",NA,NA,NA,NA,NA,NA,"F6A3E839-B990-4447-9E3F-DD728B1B335D","v2.8","v3.0","2018-12-01,11:10:13","2018-12-01,12:11:55","2018-12-01,11:40:36","2018-12-01,11:45:59"
2018-12-01,"11:10:13","11:40:36","11:45:59","abort","Celia;Ariek;Monika;Marcela","Celia","Diana","T","TAB","11:41:24","TAB","Forage","TAB",NA,NA,NA,NA,NA,NA,"F6A3E839-B990-4447-9E3F-DD728B1B335D","v2.8","v3.0","2018-12-01,11:10:13","2018-12-01,12:11:55","2018-12-01,11:40:36","2018-12-01,11:45:59"
2018-12-01,"11:10:13","11:40:36","11:45:59","abort","Celia;Ariek;Monika;Marcela","Celia","Diana","T","TAB","11:41:32","TAB","Twitter","TRU",NA,NA,NA,NA,NA,NA,"F6A3E839-B990-4447-9E3F-DD728B1B335D","v2.8","v3.0","2018-12-01,11:10:13","2018-12-01,12:11:55","2018-12-01,11:40:36","2018-12-01,11:45:59"
2018-12-01,"11:10:13","11:40:36","11:45:59","abort","Celia;Ariek;Monika;Marcela","Celia","Diana","T","TAB","11:41:38","TAB","Groom","TAB",NA,NA,NA,"START",NA,NA,"F6A3E839-B990-4447-9E3F-DD728B1B335D","v2.8","v3.0","2018-12-01,11:10:13","2018-12-01,12:11:55","2018-12-01,11:40:36","2018-12-01,11:45:59"
2018-12-01,"11:10:13","11:40:36","11:45:59","abort","Celia;Ariek;Monika;Marcela","Celia","Diana","T","TAB","11:41:43","TAB","Groom","TAB",NA,NA,NA,"END",NA,NA,"F6A3E839-B990-4447-9E3F-DD728B1B335D","v2.8","v3.0","2018-12-01,11:10:13","2018-12-01,12:11:55","2018-12-01,11:40:36","2018-12-01,11:45:59"
2018-12-01,"11:10:13","11:40:36","11:45:59","abort","Celia;Ariek;Monika;Marcela","Celia","Diana","T","TAB","11:41:53","TAB","Forage","TAB",NA,NA,NA,NA,NA,NA,"F6A3E839-B990-4447-9E3F-DD728B1B335D","v2.8","v3.0","2018-12-01,11:10:13","2018-12-01,12:11:55","2018-12-01,11:40:36","2018-12-01,11:45:59"
2018-12-01,"11:10:13","11:40:36","11:45:59","abort","Celia;Ariek;Monika;Marcela","Celia","Diana","T","TAB","11:42:25","TAB","Twitter","TEV",NA,NA,NA,NA,NA,NA,"F6A3E839-B990-4447-9E3F-DD728B1B335D","v2.8","v3.0","2018-12-01,11:10:13","2018-12-01,12:11:55","2018-12-01,11:40:36","2018-12-01,11:45:59"
2018-12-01,"11:10:13","11:40:36","11:45:59","abort","Celia;Ariek;Monika;Marcela","Celia","Diana","T","TAB","11:42:28","TAB","Twitter","TEV",NA,NA,NA,NA,NA,NA,"F6A3E839-B990-4447-9E3F-DD728B1B335D","v2.8","v3.0","2018-12-01,11:10:13","2018-12-01,12:11:55","2018-12-01,11:40:36","2018-12-01,11:45:59"
2018-12-01,"11:10:13","11:40:36","11:45:59","abort","Celia;Ariek;Monika;Marcela","Celia","Diana","T","TAB","11:42:31","TAB","Twitter","TEV",NA,NA,NA,NA,NA,NA,"F6A3E839-B990-4447-9E3F-DD728B1B335D","v2.8","v3.0","2018-12-01,11:10:13","2018-12-01,12:11:55","2018-12-01,11:40:36","2018-12-01,11:45:59"
2018-12-01,"11:10:13","11:40:36","11:45:59","abort","Celia;Ariek;Monika;Marcela","Celia","Diana","T","TAB","11:42:35","TAB","Vocalize","TEV","Twitter Series",NA,NA,NA,NA,NA,"F6A3E839-B990-4447-9E3F-DD728B1B335D","v2.8","v3.0","2018-12-01,11:10:13","2018-12-01,12:11:55","2018-12-01,11:40:36","2018-12-01,11:45:59"
2018-12-01,"11:10:13","11:40:36","11:45:59","abort","Celia;Ariek;Monika;Marcela","Celia","Diana","T","TAB","11:42:54","TAB","Approach","TEV","Mutual",NA,NA,NA,NA,NA,"F6A3E839-B990-4447-9E3F-DD728B1B335D","v2.8","v3.0","2018-12-01,11:10:13","2018-12-01,12:11:55","2018-12-01,11:40:36","2018-12-01,11:45:59"
2018-12-01,"11:10:13","11:40:36","11:45:59","abort","Celia;Ariek;Monika;Marcela","Celia","Diana","T","TAB","11:43:00","TEV","Leave","TAB","Not Mutual",NA,NA,NA,NA,NA,"F6A3E839-B990-4447-9E3F-DD728B1B335D","v2.8","v3.0","2018-12-01,11:10:13","2018-12-01,12:11:55","2018-12-01,11:40:36","2018-12-01,11:45:59"
2018-12-01,"11:10:13","11:40:36","11:45:59","abort","Celia;Ariek;Monika;Marcela","Celia","Diana","T","TAB","11:43:03","TAB","Forage","TAB",NA,NA,NA,NA,NA,NA,"F6A3E839-B990-4447-9E3F-DD728B1B335D","v2.8","v3.0","2018-12-01,11:10:13","2018-12-01,12:11:55","2018-12-01,11:40:36","2018-12-01,11:45:59"
2018-12-01,"11:10:13","11:40:36","11:45:59","abort","Celia;Ariek;Monika;Marcela","Celia","Diana","T","TAB","11:43:14","TAB","Eat","TAB",NA,NA,NA,NA,"Insects",NA,"F6A3E839-B990-4447-9E3F-DD728B1B335D","v2.8","v3.0","2018-12-01,11:10:13","2018-12-01,12:11:55","2018-12-01,11:40:36","2018-12-01,11:45:59"
2018-12-01,"11:10:13","11:40:36","11:45:59","abort","Celia;Ariek;Monika;Marcela","Celia","Diana","T","TAB","11:43:43","TAB","Alert","TAB",NA,NA,NA,NA,NA,"Bird alarm out of 5 m","F6A3E839-B990-4447-9E3F-DD728B1B335D","v2.8","v3.0","2018-12-01,11:10:13","2018-12-01,12:11:55","2018-12-01,11:40:36","2018-12-01,11:45:59"
2018-12-01,"11:10:13","11:40:36","11:45:59","abort","Celia;Ariek;Monika;Marcela","Celia","Diana","T","TAB","11:44:03","TAB","Forage","TAB",NA,NA,NA,NA,NA,NA,"F6A3E839-B990-4447-9E3F-DD728B1B335D","v2.8","v3.0","2018-12-01,11:10:13","2018-12-01,12:11:55","2018-12-01,11:40:36","2018-12-01,11:45:59"
2018-12-01,"11:10:13","11:40:36","11:45:59","abort","Celia;Ariek;Monika;Marcela","Celia","Diana","T","TAB","11:44:07","TAB","Travel","TAB",NA,NA,NA,NA,NA,NA,"F6A3E839-B990-4447-9E3F-DD728B1B335D","v2.8","v3.0","2018-12-01,11:10:13","2018-12-01,12:11:55","2018-12-01,11:40:36","2018-12-01,11:45:59"
2018-12-01,"11:10:13","11:40:36","11:45:59","abort","Celia;Ariek;Monika;Marcela","Celia","Diana","T","TAB","11:44:16","TAB","Vigilant","TAB",NA,NA,NA,NA,NA,NA,"F6A3E839-B990-4447-9E3F-DD728B1B335D","v2.8","v3.0","2018-12-01,11:10:13","2018-12-01,12:11:55","2018-12-01,11:40:36","2018-12-01,11:45:59"
2018-12-01,"11:10:13","11:40:36","11:45:59","abort","Celia;Ariek;Monika;Marcela","Celia","Diana","T","TAB","11:44:18","TAB","Forage","TAB",NA,NA,NA,NA,NA,NA,"F6A3E839-B990-4447-9E3F-DD728B1B335D","v2.8","v3.0","2018-12-01,11:10:13","2018-12-01,12:11:55","2018-12-01,11:40:36","2018-12-01,11:45:59"
2018-12-01,"11:10:13","11:40:36","11:45:59","abort","Celia;Ariek;Monika;Marcela","Celia","Diana","T","TAB","11:44:40","TAB","Travel","TAB",NA,NA,NA,NA,NA,NA,"F6A3E839-B990-4447-9E3F-DD728B1B335D","v2.8","v3.0","2018-12-01,11:10:13","2018-12-01,12:11:55","2018-12-01,11:40:36","2018-12-01,11:45:59"
2018-12-01,"11:10:13","11:40:36","11:45:59","abort","Celia;Ariek;Monika;Marcela","Celia","Diana","T","TAB","11:44:50","TAB","Forage","TAB",NA,NA,NA,NA,NA,NA,"F6A3E839-B990-4447-9E3F-DD728B1B335D","v2.8","v3.0","2018-12-01,11:10:13","2018-12-01,12:11:55","2018-12-01,11:40:36","2018-12-01,11:45:59"
2018-12-01,"11:10:13","11:40:36","11:45:59","abort","Celia;Ariek;Monika;Marcela","Celia","Diana","T","TAB","11:45:08","TAB","Alert","TAB",NA,NA,NA,NA,NA,NA,"F6A3E839-B990-4447-9E3F-DD728B1B335D","v2.8","v3.0","2018-12-01,11:10:13","2018-12-01,12:11:55","2018-12-01,11:40:36","2018-12-01,11:45:59"
2018-12-01,"11:10:13","11:40:36","11:45:59","abort","Celia;Ariek;Monika;Marcela","Celia","Diana","T","TAB","11:45:21","TAB","Travel","TAB",NA,NA,NA,NA,NA,NA,"F6A3E839-B990-4447-9E3F-DD728B1B335D","v2.8","v3.0","2018-12-01,11:10:13","2018-12-01,12:11:55","2018-12-01,11:40:36","2018-12-01,11:45:59"
2018-12-01,"11:10:13","11:40:36","11:45:59","abort","Celia;Ariek;Monika;Marcela","Celia","Diana","T","TAB","11:45:26","TAB","Rest","TAB",NA,NA,NA,NA,NA,NA,"F6A3E839-B990-4447-9E3F-DD728B1B335D","v2.8","v3.0","2018-12-01,11:10:13","2018-12-01,12:11:55","2018-12-01,11:40:36","2018-12-01,11:45:59"
2018-12-01,"11:10:13","11:40:36","11:45:59","abort","Celia;Ariek;Monika;Marcela","Celia","Diana","T","TAB","11:45:29","TAB","Vigilant","TAB",NA,NA,NA,NA,NA,NA,"F6A3E839-B990-4447-9E3F-DD728B1B335D","v2.8","v3.0","2018-12-01,11:10:13","2018-12-01,12:11:55","2018-12-01,11:40:36","2018-12-01,11:45:59"
2018-12-03,"10:30:47","10:30:59","10:34:43","abort","Ariek","Monika","Olivia","T","TON","10:31:22","TON","Social State","TON",NA,NA,NA,NA,NA,NA,"37DBDC07-DF6C-47CB-862A-79FA8FE4B0DC","v2.8","v3.0","2018-12-03,10:30:47","2018-12-03,11:35:18","2018-12-03,10:30:59","2018-12-03,10:34:43"
2018-12-03,"10:30:47","10:30:59","10:34:43","abort","Ariek","Monika","Olivia","T","TON","10:31:27","TEN","Sexual","TON","Mount",NA,NA,"END",NA,NA,"37DBDC07-DF6C-47CB-862A-79FA8FE4B0DC","v2.8","v3.0","2018-12-03,10:30:47","2018-12-03,11:35:18","2018-12-03,10:30:59","2018-12-03,10:34:43"
2018-12-03,"10:30:47","10:30:59","10:34:43","abort","Ariek","Monika","Olivia","T","TON","10:31:41","TON","Groom","TEN",NA,NA,NA,"INSTANT",NA,NA,"37DBDC07-DF6C-47CB-862A-79FA8FE4B0DC","v2.8","v3.0","2018-12-03,10:30:47","2018-12-03,11:35:18","2018-12-03,10:30:59","2018-12-03,10:34:43"
2018-12-03,"10:30:47","10:30:59","10:34:43","abort","Ariek","Monika","Olivia","T","TON","10:31:51","TON","Groom Solicit","TEN",NA,NA,NA,NA,NA,NA,"37DBDC07-DF6C-47CB-862A-79FA8FE4B0DC","v2.8","v3.0","2018-12-03,10:30:47","2018-12-03,11:35:18","2018-12-03,10:30:59","2018-12-03,10:34:43"
2018-12-03,"10:30:47","10:30:59","10:34:43","abort","Ariek","Monika","Olivia","T","TON","10:31:58","TEN","Ignore","TON",NA,NA,NA,NA,NA,NA,"37DBDC07-DF6C-47CB-862A-79FA8FE4B0DC","v2.8","v3.0","2018-12-03,10:30:47","2018-12-03,11:35:18","2018-12-03,10:30:59","2018-12-03,10:34:43"
2018-12-03,"10:30:47","10:30:59","10:34:43","abort","Ariek","Monika","Olivia","T","TON","10:32:04","TON","Scratch","TON",NA,NA,NA,NA,NA,NA,"37DBDC07-DF6C-47CB-862A-79FA8FE4B0DC","v2.8","v3.0","2018-12-03,10:30:47","2018-12-03,11:35:18","2018-12-03,10:30:59","2018-12-03,10:34:43"
2018-12-03,"10:30:47","10:30:59","10:34:43","abort","Ariek","Monika","Olivia","T","TON","10:32:12","TON","Vigilant","TON",NA,NA,NA,NA,NA,NA,"37DBDC07-DF6C-47CB-862A-79FA8FE4B0DC","v2.8","v3.0","2018-12-03,10:30:47","2018-12-03,11:35:18","2018-12-03,10:30:59","2018-12-03,10:34:43"
2018-12-03,"10:30:47","10:30:59","10:34:43","abort","Ariek","Monika","Olivia","T","TON","10:32:18","TON","Travel","TON",NA,NA,NA,NA,NA,NA,"37DBDC07-DF6C-47CB-862A-79FA8FE4B0DC","v2.8","v3.0","2018-12-03,10:30:47","2018-12-03,11:35:18","2018-12-03,10:30:59","2018-12-03,10:34:43"
2018-12-03,"10:30:47","10:30:59","10:34:43","abort","Ariek","Monika","Olivia","T","TON","10:32:21","TON","Leave","TEN","Not Mutual",NA,NA,NA,NA,NA,"37DBDC07-DF6C-47CB-862A-79FA8FE4B0DC","v2.8","v3.0","2018-12-03,10:30:47","2018-12-03,11:35:18","2018-12-03,10:30:59","2018-12-03,10:34:43"
2018-12-03,"10:30:47","10:30:59","10:34:43","abort","Ariek","Monika","Olivia","T","TON","10:32:33","TON","Foraging State","TON",NA,NA,NA,NA,NA,NA,"37DBDC07-DF6C-47CB-862A-79FA8FE4B0DC","v2.8","v3.0","2018-12-03,10:30:47","2018-12-03,11:35:18","2018-12-03,10:30:59","2018-12-03,10:34:43"
2018-12-03,"10:30:47","10:30:59","10:34:43","abort","Ariek","Monika","Olivia","T","TON","10:32:41","TON","Forage","TON",NA,NA,NA,NA,NA,NA,"37DBDC07-DF6C-47CB-862A-79FA8FE4B0DC","v2.8","v3.0","2018-12-03,10:30:47","2018-12-03,11:35:18","2018-12-03,10:30:59","2018-12-03,10:34:43"
2018-12-03,"10:30:47","10:30:59","10:34:43","abort","Ariek","Monika","Olivia","T","TON","10:32:51","TON","Social State","TON",NA,NA,NA,NA,NA,NA,"37DBDC07-DF6C-47CB-862A-79FA8FE4B0DC","v2.8","v3.0","2018-12-03,10:30:47","2018-12-03,11:35:18","2018-12-03,10:30:59","2018-12-03,10:34:43"
2018-12-03,"10:30:47","10:30:59","10:34:43","abort","Ariek","Monika","Olivia","T","TON","10:33:10","TON","Approach","TES","Not Mutual",NA,NA,NA,NA,NA,"37DBDC07-DF6C-47CB-862A-79FA8FE4B0DC","v2.8","v3.0","2018-12-03,10:30:47","2018-12-03,11:35:18","2018-12-03,10:30:59","2018-12-03,10:34:43"
2018-12-03,"10:30:47","10:30:59","10:34:43","abort","Ariek","Monika","Olivia","T","TON","10:33:13","TON","Groom","TES",NA,NA,NA,"START",NA,NA,"37DBDC07-DF6C-47CB-862A-79FA8FE4B0DC","v2.8","v3.0","2018-12-03,10:30:47","2018-12-03,11:35:18","2018-12-03,10:30:59","2018-12-03,10:34:43"
2018-12-03,"10:30:47","10:30:59","10:34:43","abort","Ariek","Monika","Olivia","T","TON","10:33:17","TON","Groom","TES",NA,NA,NA,"END",NA,NA,"37DBDC07-DF6C-47CB-862A-79FA8FE4B0DC","v2.8","v3.0","2018-12-03,10:30:47","2018-12-03,11:35:18","2018-12-03,10:30:59","2018-12-03,10:34:43"
2018-12-03,"10:30:47","10:30:59","10:34:43","abort","Ariek","Monika","Olivia","T","TON","10:33:32","TON","Vigilant","TON",NA,NA,NA,NA,NA,NA,"37DBDC07-DF6C-47CB-862A-79FA8FE4B0DC","v2.8","v3.0","2018-12-03,10:30:47","2018-12-03,11:35:18","2018-12-03,10:30:59","2018-12-03,10:34:43"
2018-12-03,"10:30:47","10:30:59","10:34:43","abort","Ariek","Monika","Olivia","T","TON","10:33:45","TON","Alert","TON",NA,NA,NA,NA,NA,NA,"37DBDC07-DF6C-47CB-862A-79FA8FE4B0DC","v2.8","v3.0","2018-12-03,10:30:47","2018-12-03,11:35:18","2018-12-03,10:30:59","2018-12-03,10:34:43"
2018-12-03,"13:03:52","13:04:23","13:13:27","abort","Ariek;Monika","Monika","Olivia","T","TIC","13:04:41","TIC","Travel State","TIC",NA,NA,NA,NA,NA,NA,"37DBDC07-DF6C-47CB-862A-79FA8FE4B0DC","v2.8","v3.0","2018-12-03,13:03:52","2018-12-03,15:06:28","2018-12-03,13:04:23","2018-12-03,13:13:27"
2018-12-03,"13:03:52","13:04:23","13:13:27","abort","Ariek;Monika","Monika","Olivia","T","TIC","13:04:44","TIC","Travel","TIC",NA,NA,NA,NA,NA,NA,"37DBDC07-DF6C-47CB-862A-79FA8FE4B0DC","v2.8","v3.0","2018-12-03,13:03:52","2018-12-03,15:06:28","2018-12-03,13:04:23","2018-12-03,13:13:27"
2018-12-03,"13:03:52","13:04:23","13:13:27","abort","Ariek;Monika","Monika","Olivia","T","TIC","13:05:39","TEV","Approach","TIC","Not Mutual",NA,NA,NA,NA,NA,"37DBDC07-DF6C-47CB-862A-79FA8FE4B0DC","v2.8","v3.0","2018-12-03,13:03:52","2018-12-03,15:06:28","2018-12-03,13:04:23","2018-12-03,13:13:27"
2018-12-03,"13:03:52","13:04:23","13:13:27","abort","Ariek;Monika","Monika","Olivia","T","TIC","13:05:43","TIC","Vigilant","TIC",NA,NA,NA,NA,NA,NA,"37DBDC07-DF6C-47CB-862A-79FA8FE4B0DC","v2.8","v3.0","2018-12-03,13:03:52","2018-12-03,15:06:28","2018-12-03,13:04:23","2018-12-03,13:13:27"
2018-12-03,"13:03:52","13:04:23","13:13:27","abort","Ariek;Monika","Monika","Olivia","T","TIC","13:06:17","TIC","Travel","TIC",NA,NA,NA,NA,NA,NA,"37DBDC07-DF6C-47CB-862A-79FA8FE4B0DC","v2.8","v3.0","2018-12-03,13:03:52","2018-12-03,15:06:28","2018-12-03,13:04:23","2018-12-03,13:13:27"
2018-12-03,"13:03:52","13:04:23","13:13:27","abort","Ariek;Monika","Monika","Olivia","T","TIC","13:06:26","TIC","Leave","TEV","Not Mutual",NA,NA,NA,NA,NA,"37DBDC07-DF6C-47CB-862A-79FA8FE4B0DC","v2.8","v3.0","2018-12-03,13:03:52","2018-12-03,15:06:28","2018-12-03,13:04:23","2018-12-03,13:13:27"
2018-12-03,"13:03:52","13:04:23","13:13:27","abort","Ariek;Monika","Monika","Olivia","T","TIC","13:06:39","TIC","Vigilant","TIC",NA,NA,NA,NA,NA,NA,"37DBDC07-DF6C-47CB-862A-79FA8FE4B0DC","v2.8","v3.0","2018-12-03,13:03:52","2018-12-03,15:06:28","2018-12-03,13:04:23","2018-12-03,13:13:27"
2018-12-03,"13:03:52","13:04:23","13:13:27","abort","Ariek;Monika","Monika","Olivia","T","TIC","13:07:12","TIC","Travel","TIC",NA,NA,NA,NA,NA,NA,"37DBDC07-DF6C-47CB-862A-79FA8FE4B0DC","v2.8","v3.0","2018-12-03,13:03:52","2018-12-03,15:06:28","2018-12-03,13:04:23","2018-12-03,13:13:27"
2018-12-03,"13:03:52","13:04:23","13:13:27","abort","Ariek;Monika","Monika","Olivia","T","TIC","13:07:22","TIC","Leave","TEV","Not Mutual",NA,NA,NA,NA,NA,"37DBDC07-DF6C-47CB-862A-79FA8FE4B0DC","v2.8","v3.0","2018-12-03,13:03:52","2018-12-03,15:06:28","2018-12-03,13:04:23","2018-12-03,13:13:27"
2018-12-03,"13:03:52","13:04:23","13:13:27","abort","Ariek;Monika","Monika","Olivia","T","TIC","13:08:12","TIC","Travel","TIC",NA,NA,NA,NA,NA,NA,"37DBDC07-DF6C-47CB-862A-79FA8FE4B0DC","v2.8","v3.0","2018-12-03,13:03:52","2018-12-03,15:06:28","2018-12-03,13:04:23","2018-12-03,13:13:27"
2018-12-03,"13:03:52","13:04:23","13:13:27","abort","Ariek;Monika","Monika","Olivia","T","TIC","13:08:23","TIC","Vigilant","TIC",NA,NA,NA,NA,NA,NA,"37DBDC07-DF6C-47CB-862A-79FA8FE4B0DC","v2.8","v3.0","2018-12-03,13:03:52","2018-12-03,15:06:28","2018-12-03,13:04:23","2018-12-03,13:13:27"
2018-12-03,"13:03:52","13:04:23","13:13:27","abort","Ariek;Monika","Monika","Olivia","T","TIC","13:08:28","TIC","Travel","TIC",NA,NA,NA,NA,NA,NA,"37DBDC07-DF6C-47CB-862A-79FA8FE4B0DC","v2.8","v3.0","2018-12-03,13:03:52","2018-12-03,15:06:28","2018-12-03,13:04:23","2018-12-03,13:13:27"
2018-12-03,"13:03:52","13:04:23","13:13:27","abort","Ariek;Monika","Monika","Olivia","T","TIC","13:09:01","TIC","Vigilant","TIC",NA,NA,NA,NA,NA,NA,"37DBDC07-DF6C-47CB-862A-79FA8FE4B0DC","v2.8","v3.0","2018-12-03,13:03:52","2018-12-03,15:06:28","2018-12-03,13:04:23","2018-12-03,13:13:27"
2018-12-03,"13:03:52","13:04:23","13:13:27","abort","Ariek;Monika","Monika","Olivia","T","TIC","13:09:17","TEV","Alliance Solicit Capuchin","TIC",NA,NA,"UNK",NA,NA,NA,"37DBDC07-DF6C-47CB-862A-79FA8FE4B0DC","v2.8","v3.0","2018-12-03,13:03:52","2018-12-03,15:06:28","2018-12-03,13:04:23","2018-12-03,13:13:27"
2018-12-03,"13:03:52","13:04:23","13:13:27","abort","Ariek;Monika","Monika","Olivia","T","TIC","13:09:55","TIC","Vigilant","TIC",NA,NA,NA,NA,NA,NA,"37DBDC07-DF6C-47CB-862A-79FA8FE4B0DC","v2.8","v3.0","2018-12-03,13:03:52","2018-12-03,15:06:28","2018-12-03,13:04:23","2018-12-03,13:13:27"
2018-12-03,"13:03:52","13:04:23","13:13:27","abort","Ariek;Monika","Monika","Olivia","T","TIC","13:09:58","TIC","Travel","TIC",NA,NA,NA,NA,NA,NA,"37DBDC07-DF6C-47CB-862A-79FA8FE4B0DC","v2.8","v3.0","2018-12-03,13:03:52","2018-12-03,15:06:28","2018-12-03,13:04:23","2018-12-03,13:13:27"
2018-12-03,"13:03:52","13:04:23","13:13:27","abort","Ariek;Monika","Monika","Olivia","T","TIC","13:10:04","TIC","Vigilant","TIC",NA,NA,NA,NA,NA,NA,"37DBDC07-DF6C-47CB-862A-79FA8FE4B0DC","v2.8","v3.0","2018-12-03,13:03:52","2018-12-03,15:06:28","2018-12-03,13:04:23","2018-12-03,13:13:27"
2018-12-03,"13:03:52","13:04:23","13:13:27","abort","Ariek;Monika","Monika","Olivia","T","TIC","13:10:14","TIC","Travel","TIC",NA,NA,NA,NA,NA,NA,"37DBDC07-DF6C-47CB-862A-79FA8FE4B0DC","v2.8","v3.0","2018-12-03,13:03:52","2018-12-03,15:06:28","2018-12-03,13:04:23","2018-12-03,13:13:27"
2018-12-03,"13:03:52","13:04:23","13:13:27","abort","Ariek;Monika","Monika","Olivia","T","TIC","13:10:18","TIC","Vigilant","TIC",NA,NA,NA,NA,NA,NA,"37DBDC07-DF6C-47CB-862A-79FA8FE4B0DC","v2.8","v3.0","2018-12-03,13:03:52","2018-12-03,15:06:28","2018-12-03,13:04:23","2018-12-03,13:13:27"
2018-12-03,"13:03:52","13:04:23","13:13:27","abort","Ariek;Monika","Monika","Olivia","T","TIC","13:10:30","TIC","Scratch","TIC",NA,NA,NA,NA,NA,NA,"37DBDC07-DF6C-47CB-862A-79FA8FE4B0DC","v2.8","v3.0","2018-12-03,13:03:52","2018-12-03,15:06:28","2018-12-03,13:04:23","2018-12-03,13:13:27"
2018-12-03,"13:03:52","13:04:23","13:13:27","abort","Ariek;Monika","Monika","Olivia","T","TIC","13:10:42","TIC","Travel","TIC",NA,NA,NA,NA,NA,NA,"37DBDC07-DF6C-47CB-862A-79FA8FE4B0DC","v2.8","v3.0","2018-12-03,13:03:52","2018-12-03,15:06:28","2018-12-03,13:04:23","2018-12-03,13:13:27"
2018-12-03,"13:03:52","13:04:23","13:13:27","abort","Ariek;Monika","Monika","Olivia","T","TIC","13:10:45","TIC","Vigilant","TIC",NA,NA,NA,NA,NA,NA,"37DBDC07-DF6C-47CB-862A-79FA8FE4B0DC","v2.8","v3.0","2018-12-03,13:03:52","2018-12-03,15:06:28","2018-12-03,13:04:23","2018-12-03,13:13:27"
2018-12-03,"13:03:52","13:04:23","13:13:27","abort","Ariek;Monika","Monika","Olivia","T","TIC","13:10:49","TIC","Travel","TIC",NA,NA,NA,NA,NA,NA,"37DBDC07-DF6C-47CB-862A-79FA8FE4B0DC","v2.8","v3.0","2018-12-03,13:03:52","2018-12-03,15:06:28","2018-12-03,13:04:23","2018-12-03,13:13:27"
2018-12-10,"14:20:08","16:58:14","17:08:14","abort","Celia;Ariek","Celia","Marie","T","TON","16:58:37","TON","Travel State","TON",NA,NA,NA,NA,NA,NA,"5B7CFADE-EE46-4CEE-8220-7028D06618CE","v2.8","v3.0","2018-12-10,14:20:08","2018-12-10,17:55:43","2018-12-10,16:58:14","2018-12-10,17:08:14"
2018-12-10,"14:20:08","16:58:14","17:08:14","abort","Celia;Ariek","Celia","Marie","T","TON","16:58:39","TON","Travel","TON",NA,NA,NA,NA,NA,NA,"5B7CFADE-EE46-4CEE-8220-7028D06618CE","v2.8","v3.0","2018-12-10,14:20:08","2018-12-10,17:55:43","2018-12-10,16:58:14","2018-12-10,17:08:14"
2018-12-10,"14:20:08","16:58:14","17:08:14","abort","Celia;Ariek","Celia","Marie","T","TON","16:59:04","TON","Vigilant","TON",NA,NA,NA,NA,NA,NA,"5B7CFADE-EE46-4CEE-8220-7028D06618CE","v2.8","v3.0","2018-12-10,14:20:08","2018-12-10,17:55:43","2018-12-10,16:58:14","2018-12-10,17:08:14"
2018-12-10,"14:20:08","16:58:14","17:08:14","abort","Celia;Ariek","Celia","Marie","T","TON","16:59:09","TON","Travel","TON",NA,NA,NA,NA,NA,NA,"5B7CFADE-EE46-4CEE-8220-7028D06618CE","v2.8","v3.0","2018-12-10,14:20:08","2018-12-10,17:55:43","2018-12-10,16:58:14","2018-12-10,17:08:14"
2018-12-10,"14:20:08","16:58:14","17:08:14","abort","Celia;Ariek","Celia","Marie","T","TON","16:59:24","TON","Vigilant","TON",NA,NA,NA,NA,NA,NA,"5B7CFADE-EE46-4CEE-8220-7028D06618CE","v2.8","v3.0","2018-12-10,14:20:08","2018-12-10,17:55:43","2018-12-10,16:58:14","2018-12-10,17:08:14"
2018-12-10,"14:20:08","16:58:14","17:08:14","abort","Celia;Ariek","Celia","Marie","T","TON","16:59:34","TON","Travel","TON",NA,NA,NA,NA,NA,NA,"5B7CFADE-EE46-4CEE-8220-7028D06618CE","v2.8","v3.0","2018-12-10,14:20:08","2018-12-10,17:55:43","2018-12-10,16:58:14","2018-12-10,17:08:14"
2018-12-10,"14:20:08","16:58:14","17:08:14","abort","Celia;Ariek","Celia","Marie","T","TON","16:59:49","TON","Vigilant","TON",NA,NA,NA,NA,NA,NA,"5B7CFADE-EE46-4CEE-8220-7028D06618CE","v2.8","v3.0","2018-12-10,14:20:08","2018-12-10,17:55:43","2018-12-10,16:58:14","2018-12-10,17:08:14"
2018-12-10,"14:20:08","16:58:14","17:08:14","abort","Celia;Ariek","Celia","Marie","T","TON","16:59:56","TON","Travel","TON",NA,NA,NA,NA,NA,NA,"5B7CFADE-EE46-4CEE-8220-7028D06618CE","v2.8","v3.0","2018-12-10,14:20:08","2018-12-10,17:55:43","2018-12-10,16:58:14","2018-12-10,17:08:14"
2018-12-10,"14:20:08","16:58:14","17:08:14","abort","Celia;Ariek","Celia","Marie","T","TON","17:00:08","TON","Vigilant","TON",NA,NA,NA,NA,NA,NA,"5B7CFADE-EE46-4CEE-8220-7028D06618CE","v2.8","v3.0","2018-12-10,14:20:08","2018-12-10,17:55:43","2018-12-10,16:58:14","2018-12-10,17:08:14"
2018-12-10,"14:20:08","16:58:14","17:08:14","abort","Celia;Ariek","Celia","Marie","T","TON","17:00:24","TER","Twitter","TON",NA,NA,NA,NA,NA,NA,"5B7CFADE-EE46-4CEE-8220-7028D06618CE","v2.8","v3.0","2018-12-10,14:20:08","2018-12-10,17:55:43","2018-12-10,16:58:14","2018-12-10,17:08:14"
2018-12-10,"14:20:08","16:58:14","17:08:14","abort","Celia;Ariek","Celia","Marie","T","TON","17:00:29","TER","Approach","TON","Not Mutual",NA,NA,NA,NA,NA,"5B7CFADE-EE46-4CEE-8220-7028D06618CE","v2.8","v3.0","2018-12-10,14:20:08","2018-12-10,17:55:43","2018-12-10,16:58:14","2018-12-10,17:08:14"
2018-12-10,"14:20:08","16:58:14","17:08:14","abort","Celia;Ariek","Celia","Marie","T","TON","17:00:32","TER","Twitter","TON",NA,NA,NA,NA,NA,NA,"5B7CFADE-EE46-4CEE-8220-7028D06618CE","v2.8","v3.0","2018-12-10,14:20:08","2018-12-10,17:55:43","2018-12-10,16:58:14","2018-12-10,17:08:14"
2018-12-10,"14:20:08","16:58:14","17:08:14","abort","Celia;Ariek","Celia","Marie","T","TON","17:00:41","TON","Travel","TON",NA,NA,NA,NA,NA,NA,"5B7CFADE-EE46-4CEE-8220-7028D06618CE","v2.8","v3.0","2018-12-10,14:20:08","2018-12-10,17:55:43","2018-12-10,16:58:14","2018-12-10,17:08:14"
2018-12-10,"14:20:08","16:58:14","17:08:14","abort","Celia;Ariek","Celia","Marie","T","TON","17:00:49","TON","Social State","TON",NA,NA,NA,NA,NA,NA,"5B7CFADE-EE46-4CEE-8220-7028D06618CE","v2.8","v3.0","2018-12-10,14:20:08","2018-12-10,17:55:43","2018-12-10,16:58:14","2018-12-10,17:08:14"
2018-12-10,"14:20:08","16:58:14","17:08:14","abort","Celia;Ariek","Celia","Marie","T","TON","17:00:51","TON","Groom Solicit","TER",NA,NA,NA,NA,NA,NA,"5B7CFADE-EE46-4CEE-8220-7028D06618CE","v2.8","v3.0","2018-12-10,14:20:08","2018-12-10,17:55:43","2018-12-10,16:58:14","2018-12-10,17:08:14"
2018-12-10,"14:20:08","16:58:14","17:08:14","abort","Celia;Ariek","Celia","Marie","T","TON","17:00:55","TER","Groom","TON",NA,NA,NA,"INSTANT",NA,NA,"5B7CFADE-EE46-4CEE-8220-7028D06618CE","v2.8","v3.0","2018-12-10,14:20:08","2018-12-10,17:55:43","2018-12-10,16:58:14","2018-12-10,17:08:14"
2018-12-10,"14:20:08","16:58:14","17:08:14","abort","Celia;Ariek","Celia","Marie","T","TON","17:01:02","TER","Groom Solicit","TON",NA,NA,NA,NA,NA,NA,"5B7CFADE-EE46-4CEE-8220-7028D06618CE","v2.8","v3.0","2018-12-10,14:20:08","2018-12-10,17:55:43","2018-12-10,16:58:14","2018-12-10,17:08:14"
2018-12-10,"14:20:08","16:58:14","17:08:14","abort","Celia;Ariek","Celia","Marie","T","TON","17:01:08","TON","Groom","TER",NA,NA,NA,"INSTANT",NA,NA,"5B7CFADE-EE46-4CEE-8220-7028D06618CE","v2.8","v3.0","2018-12-10,14:20:08","2018-12-10,17:55:43","2018-12-10,16:58:14","2018-12-10,17:08:14"
2018-12-10,"14:20:08","16:58:14","17:08:14","abort","Celia;Ariek","Celia","Marie","T","TON","17:01:16","TON","Play Solicit","TER",NA,NA,NA,NA,NA,NA,"5B7CFADE-EE46-4CEE-8220-7028D06618CE","v2.8","v3.0","2018-12-10,14:20:08","2018-12-10,17:55:43","2018-12-10,16:58:14","2018-12-10,17:08:14"
2018-12-10,"14:20:08","16:58:14","17:08:14","abort","Celia;Ariek","Celia","Marie","T","TON","17:01:26","TER","Ignore","TON",NA,NA,NA,NA,NA,NA,"5B7CFADE-EE46-4CEE-8220-7028D06618CE","v2.8","v3.0","2018-12-10,14:20:08","2018-12-10,17:55:43","2018-12-10,16:58:14","2018-12-10,17:08:14"
2018-12-10,"14:20:08","16:58:14","17:08:14","abort","Celia;Ariek","Celia","Marie","T","TON","17:01:43","TON","Leave","TER","Not Mutual",NA,NA,NA,NA,NA,"5B7CFADE-EE46-4CEE-8220-7028D06618CE","v2.8","v3.0","2018-12-10,14:20:08","2018-12-10,17:55:43","2018-12-10,16:58:14","2018-12-10,17:08:14"
2018-12-10,"14:20:08","16:58:14","17:08:14","abort","Celia;Ariek","Celia","Marie","T","TON","17:02:24","TON","Ambiguous Peep","UNK_1",NA,NA,NA,NA,NA,NA,"5B7CFADE-EE46-4CEE-8220-7028D06618CE","v2.8","v3.0","2018-12-10,14:20:08","2018-12-10,17:55:43","2018-12-10,16:58:14","2018-12-10,17:08:14"
2018-12-10,"14:20:08","16:58:14","17:08:14","abort","Celia;Ariek","Celia","Marie","T","TON","17:02:29","TON","Travel","TON",NA,NA,NA,NA,NA,NA,"5B7CFADE-EE46-4CEE-8220-7028D06618CE","v2.8","v3.0","2018-12-10,14:20:08","2018-12-10,17:55:43","2018-12-10,16:58:14","2018-12-10,17:08:14"
2018-12-15,"06:19:40","07:16:55","07:24:43","abort","Celia;Ariek","Celia","Jane","T","TES","07:17:07","TES","Travel State","TES",NA,NA,NA,NA,NA,NA,"B55C5181-F1E1-4674-86D8-50107ED445A6","v2.8","v3.1","2018-12-15,06:19:40","2018-12-15,08:25:18","2018-12-15,07:16:55","2018-12-15,07:24:43"
2018-12-15,"06:19:40","07:16:55","07:24:43","abort","Celia;Ariek","Celia","Jane","T","TES","07:17:09","TES","Vocalize","TES","Hard Twitter",NA,NA,NA,NA,NA,"B55C5181-F1E1-4674-86D8-50107ED445A6","v2.8","v3.1","2018-12-15,06:19:40","2018-12-15,08:25:18","2018-12-15,07:16:55","2018-12-15,07:24:43"
2018-12-15,"06:19:40","07:16:55","07:24:43","abort","Celia;Ariek","Celia","Jane","T","TES","07:17:25","TES","Ambiguous Peep","TEV",NA,NA,NA,NA,NA,NA,"B55C5181-F1E1-4674-86D8-50107ED445A6","v2.8","v3.1","2018-12-15,06:19:40","2018-12-15,08:25:18","2018-12-15,07:16:55","2018-12-15,07:24:43"
2018-12-15,"06:19:40","07:16:55","07:24:43","abort","Celia;Ariek","Celia","Jane","T","TES","07:17:28","TES","Scratch","TES",NA,NA,NA,NA,NA,NA,"B55C5181-F1E1-4674-86D8-50107ED445A6","v2.8","v3.1","2018-12-15,06:19:40","2018-12-15,08:25:18","2018-12-15,07:16:55","2018-12-15,07:24:43"
2018-12-15,"06:19:40","07:16:55","07:24:43","abort","Celia;Ariek","Celia","Jane","T","TES","07:17:31","TES","Travel","TES",NA,NA,NA,NA,NA,NA,"B55C5181-F1E1-4674-86D8-50107ED445A6","v2.8","v3.1","2018-12-15,06:19:40","2018-12-15,08:25:18","2018-12-15,07:16:55","2018-12-15,07:24:43"
2018-12-15,"06:19:40","07:16:55","07:24:43","abort","Celia;Ariek","Celia","Jane","T","TES","07:17:39","TES","Foraging State","TES",NA,NA,NA,NA,NA,NA,"B55C5181-F1E1-4674-86D8-50107ED445A6","v2.8","v3.1","2018-12-15,06:19:40","2018-12-15,08:25:18","2018-12-15,07:16:55","2018-12-15,07:24:43"
2018-12-15,"06:19:40","07:16:55","07:24:43","abort","Celia;Ariek","Celia","Jane","T","TES","07:17:41","TES","Forage","TES",NA,NA,NA,NA,NA,NA,"B55C5181-F1E1-4674-86D8-50107ED445A6","v2.8","v3.1","2018-12-15,06:19:40","2018-12-15,08:25:18","2018-12-15,07:16:55","2018-12-15,07:24:43"
2018-12-15,"06:19:40","07:16:55","07:24:43","abort","Celia;Ariek","Celia","Jane","T","TES","07:17:42","TES","Eat","TES",NA,NA,NA,NA,"Unknown",NA,"B55C5181-F1E1-4674-86D8-50107ED445A6","v2.8","v3.1","2018-12-15,06:19:40","2018-12-15,08:25:18","2018-12-15,07:16:55","2018-12-15,07:24:43"
2018-12-15,"06:19:40","07:16:55","07:24:43","abort","Celia;Ariek","Celia","Jane","T","TES","07:18:20","TES","Forage","TES",NA,NA,NA,NA,NA,NA,"B55C5181-F1E1-4674-86D8-50107ED445A6","v2.8","v3.1","2018-12-15,06:19:40","2018-12-15,08:25:18","2018-12-15,07:16:55","2018-12-15,07:24:43"
2018-12-15,"06:19:40","07:16:55","07:24:43","abort","Celia;Ariek","Celia","Jane","T","TES","07:18:21","TES","Eat","TES",NA,NA,NA,NA,"Insects",NA,"B55C5181-F1E1-4674-86D8-50107ED445A6","v2.8","v3.1","2018-12-15,06:19:40","2018-12-15,08:25:18","2018-12-15,07:16:55","2018-12-15,07:24:43"
2018-12-15,"06:19:40","07:16:55","07:24:43","abort","Celia;Ariek","Celia","Jane","T","TES","07:18:31","TES","Food Peep","TET",NA,NA,NA,NA,NA,NA,"B55C5181-F1E1-4674-86D8-50107ED445A6","v2.8","v3.1","2018-12-15,06:19:40","2018-12-15,08:25:18","2018-12-15,07:16:55","2018-12-15,07:24:43"
2018-12-15,"06:19:40","07:16:55","07:24:43","abort","Celia;Ariek","Celia","Jane","T","TES","07:18:33","TES","Food Peep","TET",NA,NA,NA,NA,NA,NA,"B55C5181-F1E1-4674-86D8-50107ED445A6","v2.8","v3.1","2018-12-15,06:19:40","2018-12-15,08:25:18","2018-12-15,07:16:55","2018-12-15,07:24:43"
2018-12-15,"06:19:40","07:16:55","07:24:43","abort","Celia;Ariek","Celia","Jane","T","TES","07:18:35","TES","Vigilant","TES",NA,NA,NA,NA,NA,NA,"B55C5181-F1E1-4674-86D8-50107ED445A6","v2.8","v3.1","2018-12-15,06:19:40","2018-12-15,08:25:18","2018-12-15,07:16:55","2018-12-15,07:24:43"
2018-12-15,"06:19:40","07:16:55","07:24:43","abort","Celia;Ariek","Celia","Jane","T","TES","07:18:38","TES","Food Peep","TET",NA,NA,NA,NA,NA,NA,"B55C5181-F1E1-4674-86D8-50107ED445A6","v2.8","v3.1","2018-12-15,06:19:40","2018-12-15,08:25:18","2018-12-15,07:16:55","2018-12-15,07:24:43"
2018-12-15,"06:19:40","07:16:55","07:24:43","abort","Celia;Ariek","Celia","Jane","T","TES","07:18:40","TES","Vocalize","TET","Food Peep Series",NA,NA,NA,NA,NA,"B55C5181-F1E1-4674-86D8-50107ED445A6","v2.8","v3.1","2018-12-15,06:19:40","2018-12-15,08:25:18","2018-12-15,07:16:55","2018-12-15,07:24:43"
2018-12-15,"06:19:40","07:16:55","07:24:43","abort","Celia;Ariek","Celia","Jane","T","TES","07:18:45","TES","Resting State","TES",NA,NA,NA,NA,NA,NA,"B55C5181-F1E1-4674-86D8-50107ED445A6","v2.8","v3.1","2018-12-15,06:19:40","2018-12-15,08:25:18","2018-12-15,07:16:55","2018-12-15,07:24:43"
2018-12-15,"06:19:40","07:16:55","07:24:43","abort","Celia;Ariek","Celia","Jane","T","TES","07:18:48","TES","Rest","TES",NA,NA,NA,NA,NA,NA,"B55C5181-F1E1-4674-86D8-50107ED445A6","v2.8","v3.1","2018-12-15,06:19:40","2018-12-15,08:25:18","2018-12-15,07:16:55","2018-12-15,07:24:43"
2018-12-15,"06:19:40","07:16:55","07:24:43","abort","Celia;Ariek","Celia","Jane","T","TES","07:20:00","TES","Social Peep","TET",NA,NA,NA,NA,NA,NA,"B55C5181-F1E1-4674-86D8-50107ED445A6","v2.8","v3.1","2018-12-15,06:19:40","2018-12-15,08:25:18","2018-12-15,07:16:55","2018-12-15,07:24:43"
2018-12-15,"06:19:40","07:16:55","07:24:43","abort","Celia;Ariek","Celia","Jane","T","TES","07:20:04","TES","Social Peep","TET",NA,NA,NA,NA,NA,NA,"B55C5181-F1E1-4674-86D8-50107ED445A6","v2.8","v3.1","2018-12-15,06:19:40","2018-12-15,08:25:18","2018-12-15,07:16:55","2018-12-15,07:24:43"
2018-12-15,"06:19:40","07:16:55","07:24:43","abort","Celia;Ariek","Celia","Jane","T","TES","07:20:06","TET","Approach","TES","Not Mutual",NA,NA,NA,NA,NA,"B55C5181-F1E1-4674-86D8-50107ED445A6","v2.8","v3.1","2018-12-15,06:19:40","2018-12-15,08:25:18","2018-12-15,07:16:55","2018-12-15,07:24:43"
2018-12-15,"06:19:40","07:16:55","07:24:43","abort","Celia;Ariek","Celia","Jane","T","TES","07:20:09","TET","Leave","TES","Not Mutual",NA,NA,NA,NA,NA,"B55C5181-F1E1-4674-86D8-50107ED445A6","v2.8","v3.1","2018-12-15,06:19:40","2018-12-15,08:25:18","2018-12-15,07:16:55","2018-12-15,07:24:43"
2018-12-15,"06:19:40","07:16:55","07:24:43","abort","Celia;Ariek","Celia","Jane","T","TES","07:20:16","TES","Urine Wash","TES",NA,NA,NA,NA,NA,NA,"B55C5181-F1E1-4674-86D8-50107ED445A6","v2.8","v3.1","2018-12-15,06:19:40","2018-12-15,08:25:18","2018-12-15,07:16:55","2018-12-15,07:24:43"
2018-12-15,"06:19:40","07:16:55","07:24:43","abort","Celia;Ariek","Celia","Jane","T","TES","07:20:25","TES","Travel State","TES",NA,NA,NA,NA,NA,NA,"B55C5181-F1E1-4674-86D8-50107ED445A6","v2.8","v3.1","2018-12-15,06:19:40","2018-12-15,08:25:18","2018-12-15,07:16:55","2018-12-15,07:24:43"
2018-12-15,"06:19:40","07:16:55","07:24:43","abort","Celia;Ariek","Celia","Jane","T","TES","07:20:27","TES","Travel","TES",NA,NA,NA,NA,NA,NA,"B55C5181-F1E1-4674-86D8-50107ED445A6","v2.8","v3.1","2018-12-15,06:19:40","2018-12-15,08:25:18","2018-12-15,07:16:55","2018-12-15,07:24:43"
2018-12-15,"06:19:40","07:16:55","07:24:43","abort","Celia;Ariek","Celia","Jane","T","TES","07:20:54","TES","Foraging State","TES",NA,NA,NA,NA,NA,NA,"B55C5181-F1E1-4674-86D8-50107ED445A6","v2.8","v3.1","2018-12-15,06:19:40","2018-12-15,08:25:18","2018-12-15,07:16:55","2018-12-15,07:24:43"
2018-12-15,"06:19:40","07:16:55","07:24:43","abort","Celia;Ariek","Celia","Jane","T","TES","07:20:57","TES","Forage","TES",NA,NA,NA,NA,NA,NA,"B55C5181-F1E1-4674-86D8-50107ED445A6","v2.8","v3.1","2018-12-15,06:19:40","2018-12-15,08:25:18","2018-12-15,07:16:55","2018-12-15,07:24:43"
2018-12-15,"06:19:40","07:16:55","07:24:43","abort","Celia;Ariek","Celia","Jane","T","TES","07:20:58","TES","Travel","TES",NA,NA,NA,NA,NA,NA,"B55C5181-F1E1-4674-86D8-50107ED445A6","v2.8","v3.1","2018-12-15,06:19:40","2018-12-15,08:25:18","2018-12-15,07:16:55","2018-12-15,07:24:43"
2018-12-15,"06:19:40","07:16:55","07:24:43","abort","Celia;Ariek","Celia","Jane","T","TES","07:21:17","TES","Scratch","TES",NA,NA,NA,NA,NA,NA,"B55C5181-F1E1-4674-86D8-50107ED445A6","v2.8","v3.1","2018-12-15,06:19:40","2018-12-15,08:25:18","2018-12-15,07:16:55","2018-12-15,07:24:43"
2018-12-15,"06:19:40","07:16:55","07:24:43","abort","Celia;Ariek","Celia","Jane","T","TES","07:21:19","TES","Travel","TES",NA,NA,NA,NA,NA,NA,"B55C5181-F1E1-4674-86D8-50107ED445A6","v2.8","v3.1","2018-12-15,06:19:40","2018-12-15,08:25:18","2018-12-15,07:16:55","2018-12-15,07:24:43"
2018-12-15,"06:19:40","07:16:55","07:24:43","abort","Celia;Ariek","Celia","Jane","T","TES","07:21:32","TES","Vigilant","TES",NA,NA,NA,NA,NA,NA,"B55C5181-F1E1-4674-86D8-50107ED445A6","v2.8","v3.1","2018-12-15,06:19:40","2018-12-15,08:25:18","2018-12-15,07:16:55","2018-12-15,07:24:43"
2018-12-15,"06:19:40","07:16:55","07:24:43","abort","Celia;Ariek","Celia","Jane","T","TES","07:21:48","TES","Travel","TES",NA,NA,NA,NA,NA,NA,"B55C5181-F1E1-4674-86D8-50107ED445A6","v2.8","v3.1","2018-12-15,06:19:40","2018-12-15,08:25:18","2018-12-15,07:16:55","2018-12-15,07:24:43"
2018-12-15,"06:19:40","07:16:55","07:24:43","abort","Celia;Ariek","Celia","Jane","T","TES","07:22:15","TES","Scratch","TES",NA,NA,NA,NA,NA,NA,"B55C5181-F1E1-4674-86D8-50107ED445A6","v2.8","v3.1","2018-12-15,06:19:40","2018-12-15,08:25:18","2018-12-15,07:16:55","2018-12-15,07:24:43"
2018-12-15,"06:19:40","07:16:55","07:24:43","abort","Celia;Ariek","Celia","Jane","T","TES","07:22:20","TES","Travel","TES",NA,NA,NA,NA,NA,NA,"B55C5181-F1E1-4674-86D8-50107ED445A6","v2.8","v3.1","2018-12-15,06:19:40","2018-12-15,08:25:18","2018-12-15,07:16:55","2018-12-15,07:24:43"
2018-12-15,"06:19:40","07:16:55","07:24:43","abort","Celia;Ariek","Celia","Jane","T","TES","07:23:17","TES","Social State","TES",NA,NA,NA,NA,NA,NA,"B55C5181-F1E1-4674-86D8-50107ED445A6","v2.8","v3.1","2018-12-15,06:19:40","2018-12-15,08:25:18","2018-12-15,07:16:55","2018-12-15,07:24:43"
2018-12-15,"06:19:40","07:16:55","07:24:43","abort","Celia;Ariek","Celia","Jane","T","TES","07:23:26","TES","Vocalize","TIO","Mild Vocal Threat",NA,NA,NA,NA,NA,"B55C5181-F1E1-4674-86D8-50107ED445A6","v2.8","v3.1","2018-12-15,06:19:40","2018-12-15,08:25:18","2018-12-15,07:16:55","2018-12-15,07:24:43"
2018-12-15,"06:19:40","07:16:55","07:24:43","abort","Celia;Ariek","Celia","Jane","T","TES","07:23:32","TES","Aggression","TIO","Non-Contact",NA,NA,NA,NA,NA,"B55C5181-F1E1-4674-86D8-50107ED445A6","v2.8","v3.1","2018-12-15,06:19:40","2018-12-15,08:25:18","2018-12-15,07:16:55","2018-12-15,07:24:43"
2018-12-15,"06:19:40","07:16:55","07:24:43","abort","Celia;Ariek","Celia","Jane","T","TES","07:23:36","TES","Alliance Solicit Capuchin","TEV",NA,NA,"TIO",NA,NA,NA,"B55C5181-F1E1-4674-86D8-50107ED445A6","v2.8","v3.1","2018-12-15,06:19:40","2018-12-15,08:25:18","2018-12-15,07:16:55","2018-12-15,07:24:43"
2018-12-15,"06:19:40","07:16:55","07:24:43","abort","Celia;Ariek","Celia","Jane","T","TES","07:23:41","TES","Alliance Solicit Capuchin","TET",NA,NA,"TIO",NA,NA,NA,"B55C5181-F1E1-4674-86D8-50107ED445A6","v2.8","v3.1","2018-12-15,06:19:40","2018-12-15,08:25:18","2018-12-15,07:16:55","2018-12-15,07:24:43"
2018-12-15,"06:19:40","07:16:55","07:24:43","abort","Celia;Ariek","Celia","Jane","T","TES","07:23:52","TIO","Submissive","TES","Group","TES;TET;TEV",NA,NA,NA,NA,"B55C5181-F1E1-4674-86D8-50107ED445A6","v2.8","v3.1","2018-12-15,06:19:40","2018-12-15,08:25:18","2018-12-15,07:16:55","2018-12-15,07:24:43"
2018-12-17,"16:41:39","17:04:26","17:13:36","abort","Celia;Ariek","Ariek","Marie","T","TAI","17:04:46","TAI","Foraging State","TAI",NA,NA,NA,NA,NA,NA,"5B7CFADE-EE46-4CEE-8220-7028D06618CE","v2.8","v3.1","2018-12-17,16:41:39","2018-12-17,17:28:12","2018-12-17,17:04:26","2018-12-17,17:13:36"
2018-12-17,"16:41:39","17:04:26","17:13:36","abort","Celia;Ariek","Ariek","Marie","T","TAI","17:04:48","TAI","Eat","TAI",NA,NA,NA,NA,"Fruit",NA,"5B7CFADE-EE46-4CEE-8220-7028D06618CE","v2.8","v3.1","2018-12-17,16:41:39","2018-12-17,17:28:12","2018-12-17,17:04:26","2018-12-17,17:13:36"
2018-12-17,"16:41:39","17:04:26","17:13:36","abort","Celia;Ariek","Ariek","Marie","T","TAI","17:05:37","TAI","Travel","TAI",NA,NA,NA,NA,NA,NA,"5B7CFADE-EE46-4CEE-8220-7028D06618CE","v2.8","v3.1","2018-12-17,16:41:39","2018-12-17,17:28:12","2018-12-17,17:04:26","2018-12-17,17:13:36"
2018-12-17,"16:41:39","17:04:26","17:13:36","abort","Celia;Ariek","Ariek","Marie","T","TAI","17:06:51","TAI","Social State","TAI",NA,NA,NA,NA,NA,NA,"5B7CFADE-EE46-4CEE-8220-7028D06618CE","v2.8","v3.1","2018-12-17,16:41:39","2018-12-17,17:28:12","2018-12-17,17:04:26","2018-12-17,17:13:36"
2018-12-17,"16:41:39","17:04:26","17:13:36","abort","Celia;Ariek","Ariek","Marie","T","TAI","17:06:53","TAI","Social Peep","TER",NA,NA,NA,NA,NA,NA,"5B7CFADE-EE46-4CEE-8220-7028D06618CE","v2.8","v3.1","2018-12-17,16:41:39","2018-12-17,17:28:12","2018-12-17,17:04:26","2018-12-17,17:13:36"
2018-12-17,"16:41:39","17:04:26","17:13:36","abort","Celia;Ariek","Ariek","Marie","T","TAI","17:06:56","TAI","Groom Solicit","TER",NA,NA,NA,NA,NA,NA,"5B7CFADE-EE46-4CEE-8220-7028D06618CE","v2.8","v3.1","2018-12-17,16:41:39","2018-12-17,17:28:12","2018-12-17,17:04:26","2018-12-17,17:13:36"
2018-12-17,"16:41:39","17:04:26","17:13:36","abort","Celia;Ariek","Ariek","Marie","T","TAI","17:06:59","TER","Ignore","TAI",NA,NA,NA,NA,NA,NA,"5B7CFADE-EE46-4CEE-8220-7028D06618CE","v2.8","v3.1","2018-12-17,16:41:39","2018-12-17,17:28:12","2018-12-17,17:04:26","2018-12-17,17:13:36"
2018-12-17,"16:41:39","17:04:26","17:13:36","abort","Celia;Ariek","Ariek","Marie","T","TAI","17:07:03","TAI","Groom","TAI",NA,NA,NA,"START",NA,NA,"5B7CFADE-EE46-4CEE-8220-7028D06618CE","v2.8","v3.1","2018-12-17,16:41:39","2018-12-17,17:28:12","2018-12-17,17:04:26","2018-12-17,17:13:36"
2018-12-17,"16:41:39","17:04:26","17:13:36","abort","Celia;Ariek","Ariek","Marie","T","TAI","17:07:10","TER","Social Peep","TAI",NA,NA,NA,NA,NA,NA,"5B7CFADE-EE46-4CEE-8220-7028D06618CE","v2.8","v3.1","2018-12-17,16:41:39","2018-12-17,17:28:12","2018-12-17,17:04:26","2018-12-17,17:13:36"
2018-12-17,"16:41:39","17:04:26","17:13:36","abort","Celia;Ariek","Ariek","Marie","T","TAI","17:07:13","TER","Social Peep","TAI",NA,NA,NA,NA,NA,NA,"5B7CFADE-EE46-4CEE-8220-7028D06618CE","v2.8","v3.1","2018-12-17,16:41:39","2018-12-17,17:28:12","2018-12-17,17:04:26","2018-12-17,17:13:36"
2018-12-17,"16:41:39","17:04:26","17:13:36","abort","Celia;Ariek","Ariek","Marie","T","TAI","17:07:20","TAI","Groom","TAI",NA,NA,NA,"END",NA,NA,"5B7CFADE-EE46-4CEE-8220-7028D06618CE","v2.8","v3.1","2018-12-17,16:41:39","2018-12-17,17:28:12","2018-12-17,17:04:26","2018-12-17,17:13:36"
2018-12-17,"16:41:39","17:04:26","17:13:36","abort","Celia;Ariek","Ariek","Marie","T","TAI","17:07:24","TAI","Foraging State","TAI",NA,NA,NA,NA,NA,NA,"5B7CFADE-EE46-4CEE-8220-7028D06618CE","v2.8","v3.1","2018-12-17,16:41:39","2018-12-17,17:28:12","2018-12-17,17:04:26","2018-12-17,17:13:36"
2018-12-17,"16:41:39","17:04:26","17:13:36","abort","Celia;Ariek","Ariek","Marie","T","TAI","17:07:30","TAI","Eat","TAI",NA,NA,NA,NA,"Fruit",NA,"5B7CFADE-EE46-4CEE-8220-7028D06618CE","v2.8","v3.1","2018-12-17,16:41:39","2018-12-17,17:28:12","2018-12-17,17:04:26","2018-12-17,17:13:36"
2018-12-17,"16:41:39","17:04:26","17:13:36","abort","Celia;Ariek","Ariek","Marie","T","TAI","17:07:57","TER","Social Peep","TAI",NA,NA,NA,NA,NA,NA,"5B7CFADE-EE46-4CEE-8220-7028D06618CE","v2.8","v3.1","2018-12-17,16:41:39","2018-12-17,17:28:12","2018-12-17,17:04:26","2018-12-17,17:13:36"
2018-12-17,"16:41:39","17:04:26","17:13:36","abort","Celia;Ariek","Ariek","Marie","T","TAI","17:08:25","TAI","Travel","TAI",NA,NA,NA,NA,NA,NA,"5B7CFADE-EE46-4CEE-8220-7028D06618CE","v2.8","v3.1","2018-12-17,16:41:39","2018-12-17,17:28:12","2018-12-17,17:04:26","2018-12-17,17:13:36"
2018-12-17,"16:41:39","17:04:26","17:13:36","abort","Celia;Ariek","Ariek","Marie","T","TAI","17:08:38","TAI","Social State","TAI",NA,NA,NA,NA,NA,NA,"5B7CFADE-EE46-4CEE-8220-7028D06618CE","v2.8","v3.1","2018-12-17,16:41:39","2018-12-17,17:28:12","2018-12-17,17:04:26","2018-12-17,17:13:36"
2018-12-17,"16:41:39","17:04:26","17:13:36","abort","Celia;Ariek","Ariek","Marie","T","TAI","17:08:42","TAI","Submissive","THI","Dyad",NA,NA,NA,NA,NA,"5B7CFADE-EE46-4CEE-8220-7028D06618CE","v2.8","v3.1","2018-12-17,16:41:39","2018-12-17,17:28:12","2018-12-17,17:04:26","2018-12-17,17:13:36"
2018-12-17,"16:41:39","17:04:26","17:13:36","abort","Celia;Ariek","Ariek","Marie","T","TAI","17:08:46","TAI","Vigilant","TAI",NA,NA,NA,NA,NA,NA,"5B7CFADE-EE46-4CEE-8220-7028D06618CE","v2.8","v3.1","2018-12-17,16:41:39","2018-12-17,17:28:12","2018-12-17,17:04:26","2018-12-17,17:13:36"
2018-12-17,"16:41:39","17:04:26","17:13:36","abort","Celia;Ariek","Ariek","Marie","T","TAI","17:08:56","TAI","Travel","TAI",NA,NA,NA,NA,NA,NA,"5B7CFADE-EE46-4CEE-8220-7028D06618CE","v2.8","v3.1","2018-12-17,16:41:39","2018-12-17,17:28:12","2018-12-17,17:04:26","2018-12-17,17:13:36"
2018-12-17,"16:41:39","17:04:26","17:13:36","abort","Celia;Ariek","Ariek","Marie","T","TAI","17:09:00","TAI","Approach","TER","Not Mutual",NA,NA,NA,NA,NA,"5B7CFADE-EE46-4CEE-8220-7028D06618CE","v2.8","v3.1","2018-12-17,16:41:39","2018-12-17,17:28:12","2018-12-17,17:04:26","2018-12-17,17:13:36"
2018-12-17,"16:41:39","17:04:26","17:13:36","abort","Celia;Ariek","Ariek","Marie","T","TAI","17:09:07","TAI","Play Solicit","TER",NA,NA,NA,NA,NA,NA,"5B7CFADE-EE46-4CEE-8220-7028D06618CE","v2.8","v3.1","2018-12-17,16:41:39","2018-12-17,17:28:12","2018-12-17,17:04:26","2018-12-17,17:13:36"
2018-12-17,"16:41:39","17:04:26","17:13:36","abort","Celia;Ariek","Ariek","Marie","T","TAI","17:09:12","TER","Ignore","TAI",NA,NA,NA,NA,NA,NA,"5B7CFADE-EE46-4CEE-8220-7028D06618CE","v2.8","v3.1","2018-12-17,16:41:39","2018-12-17,17:28:12","2018-12-17,17:04:26","2018-12-17,17:13:36"
2018-12-17,"16:41:39","17:04:26","17:13:36","abort","Celia;Ariek","Ariek","Marie","T","TAI","17:09:16","TAI","Leave","TER","Not Mutual",NA,NA,NA,NA,NA,"5B7CFADE-EE46-4CEE-8220-7028D06618CE","v2.8","v3.1","2018-12-17,16:41:39","2018-12-17,17:28:12","2018-12-17,17:04:26","2018-12-17,17:13:36"
2018-12-17,"16:41:39","17:04:26","17:13:36","abort","Celia;Ariek","Ariek","Marie","T","TAI","17:09:23","TES","Social Peep","TAI",NA,NA,NA,NA,NA,NA,"5B7CFADE-EE46-4CEE-8220-7028D06618CE","v2.8","v3.1","2018-12-17,16:41:39","2018-12-17,17:28:12","2018-12-17,17:04:26","2018-12-17,17:13:36"
2018-12-17,"16:41:39","17:04:26","17:13:36","abort","Celia;Ariek","Ariek","Marie","T","TAI","17:09:26","TES","Groom Solicit","TAI",NA,NA,NA,NA,NA,NA,"5B7CFADE-EE46-4CEE-8220-7028D06618CE","v2.8","v3.1","2018-12-17,16:41:39","2018-12-17,17:28:12","2018-12-17,17:04:26","2018-12-17,17:13:36"
2018-12-17,"16:41:39","17:04:26","17:13:36","abort","Celia;Ariek","Ariek","Marie","T","TAI","17:09:55","TAI","Approach","TES","Not Mutual",NA,NA,NA,NA,NA,"5B7CFADE-EE46-4CEE-8220-7028D06618CE","v2.8","v3.1","2018-12-17,16:41:39","2018-12-17,17:28:12","2018-12-17,17:04:26","2018-12-17,17:13:36"
2018-12-17,"16:41:39","17:04:26","17:13:36","abort","Celia;Ariek","Ariek","Marie","T","TAI","17:09:59","TAI","Ignore","TES",NA,NA,NA,NA,NA,NA,"5B7CFADE-EE46-4CEE-8220-7028D06618CE","v2.8","v3.1","2018-12-17,16:41:39","2018-12-17,17:28:12","2018-12-17,17:04:26","2018-12-17,17:13:36"
2018-12-17,"16:41:39","17:04:26","17:13:36","abort","Celia;Ariek","Ariek","Marie","T","TAI","17:10:04","TES","Leave","TAI","Not Mutual",NA,NA,NA,NA,NA,"5B7CFADE-EE46-4CEE-8220-7028D06618CE","v2.8","v3.1","2018-12-17,16:41:39","2018-12-17,17:28:12","2018-12-17,17:04:26","2018-12-17,17:13:36"
2018-12-17,"16:41:39","17:04:26","17:13:36","abort","Celia;Ariek","Ariek","Marie","T","TAI","17:10:07","TAI","Approach","TES","Not Mutual",NA,NA,NA,NA,NA,"5B7CFADE-EE46-4CEE-8220-7028D06618CE","v2.8","v3.1","2018-12-17,16:41:39","2018-12-17,17:28:12","2018-12-17,17:04:26","2018-12-17,17:13:36"
2018-12-17,"16:41:39","17:04:26","17:13:36","abort","Celia;Ariek","Ariek","Marie","T","TAI","17:10:10","TAI","Twitter","TES",NA,NA,NA,NA,NA,NA,"5B7CFADE-EE46-4CEE-8220-7028D06618CE","v2.8","v3.1","2018-12-17,16:41:39","2018-12-17,17:28:12","2018-12-17,17:04:26","2018-12-17,17:13:36"
2018-12-17,"16:41:39","17:04:26","17:13:36","abort","Celia;Ariek","Ariek","Marie","T","TAI","17:10:12","TAI","Twitter","TES",NA,NA,NA,NA,NA,NA,"5B7CFADE-EE46-4CEE-8220-7028D06618CE","v2.8","v3.1","2018-12-17,16:41:39","2018-12-17,17:28:12","2018-12-17,17:04:26","2018-12-17,17:13:36"
2018-12-17,"16:41:39","17:04:26","17:13:36","abort","Celia;Ariek","Ariek","Marie","T","TAI","17:10:15","TAI","Leave","TES","Not Mutual",NA,NA,NA,NA,NA,"5B7CFADE-EE46-4CEE-8220-7028D06618CE","v2.8","v3.1","2018-12-17,16:41:39","2018-12-17,17:28:12","2018-12-17,17:04:26","2018-12-17,17:13:36"
2018-12-17,"16:41:39","17:04:26","17:13:36","abort","Celia;Ariek","Ariek","Marie","T","TAI","17:10:18","TAI","Approach","THI","Mutual",NA,NA,NA,NA,NA,"5B7CFADE-EE46-4CEE-8220-7028D06618CE","v2.8","v3.1","2018-12-17,16:41:39","2018-12-17,17:28:12","2018-12-17,17:04:26","2018-12-17,17:13:36"
2018-12-17,"16:41:39","17:04:26","17:13:36","abort","Celia;Ariek","Ariek","Marie","T","TAI","17:10:29","TAI","Leave","THI","Not Mutual",NA,NA,NA,NA,NA,"5B7CFADE-EE46-4CEE-8220-7028D06618CE","v2.8","v3.1","2018-12-17,16:41:39","2018-12-17,17:28:12","2018-12-17,17:04:26","2018-12-17,17:13:36"
2018-12-17,"16:41:39","17:04:26","17:13:36","abort","Celia;Ariek","Ariek","Marie","T","TAI","17:10:33","TAI","Travel State","TAI",NA,NA,NA,NA,NA,NA,"5B7CFADE-EE46-4CEE-8220-7028D06618CE","v2.8","v3.1","2018-12-17,16:41:39","2018-12-17,17:28:12","2018-12-17,17:04:26","2018-12-17,17:13:36"
2018-12-17,"16:41:39","17:04:26","17:13:36","abort","Celia;Ariek","Ariek","Marie","T","TAI","17:10:35","TAI","Travel","TAI",NA,NA,NA,NA,NA,NA,"5B7CFADE-EE46-4CEE-8220-7028D06618CE","v2.8","v3.1","2018-12-17,16:41:39","2018-12-17,17:28:12","2018-12-17,17:04:26","2018-12-17,17:13:36"
2018-12-17,"16:41:39","17:04:26","17:13:36","abort","Celia;Ariek","Ariek","Marie","T","TAI","17:10:59","TAI","Vigilant","TAI",NA,NA,NA,NA,NA,NA,"5B7CFADE-EE46-4CEE-8220-7028D06618CE","v2.8","v3.1","2018-12-17,16:41:39","2018-12-17,17:28:12","2018-12-17,17:04:26","2018-12-17,17:13:36"
2018-12-17,"16:41:39","17:04:26","17:13:36","abort","Celia;Ariek","Ariek","Marie","T","TAI","17:11:10","TAI","Travel","TAI",NA,NA,NA,NA,NA,NA,"5B7CFADE-EE46-4CEE-8220-7028D06618CE","v2.8","v3.1","2018-12-17,16:41:39","2018-12-17,17:28:12","2018-12-17,17:04:26","2018-12-17,17:13:36"
2018-12-17,"16:41:39","17:04:26","17:13:36","abort","Celia;Ariek","Ariek","Marie","T","TAI","17:11:26","TAI","Foraging State","TAI",NA,NA,NA,NA,NA,NA,"5B7CFADE-EE46-4CEE-8220-7028D06618CE","v2.8","v3.1","2018-12-17,16:41:39","2018-12-17,17:28:12","2018-12-17,17:04:26","2018-12-17,17:13:36"
2018-12-17,"16:41:39","17:04:26","17:13:36","abort","Celia;Ariek","Ariek","Marie","T","TAI","17:11:28","TAI","Forage","TAI",NA,NA,NA,NA,NA,NA,"5B7CFADE-EE46-4CEE-8220-7028D06618CE","v2.8","v3.1","2018-12-17,16:41:39","2018-12-17,17:28:12","2018-12-17,17:04:26","2018-12-17,17:13:36"
2018-12-17,"16:41:39","17:04:26","17:13:36","abort","Celia;Ariek","Ariek","Marie","T","TAI","17:11:48","TAI","Eat","TAI",NA,NA,NA,NA,"Insects",NA,"5B7CFADE-EE46-4CEE-8220-7028D06618CE","v2.8","v3.1","2018-12-17,16:41:39","2018-12-17,17:28:12","2018-12-17,17:04:26","2018-12-17,17:13:36"
2018-12-17,"16:41:39","17:04:26","17:13:36","abort","Celia;Ariek","Ariek","Marie","T","TAI","17:11:52","TAI","Travel","TAI",NA,NA,NA,NA,NA,NA,"5B7CFADE-EE46-4CEE-8220-7028D06618CE","v2.8","v3.1","2018-12-17,16:41:39","2018-12-17,17:28:12","2018-12-17,17:04:26","2018-12-17,17:13:36"
2018-12-17,"16:41:39","17:04:26","17:13:36","abort","Celia;Ariek","Ariek","Marie","T","TAI","17:13:21","TAI","Approach","TOT","Not Mutual",NA,NA,NA,NA,NA,"5B7CFADE-EE46-4CEE-8220-7028D06618CE","v2.8","v3.1","2018-12-17,16:41:39","2018-12-17,17:28:12","2018-12-17,17:04:26","2018-12-17,17:13:36"
2018-12-17,"16:41:39","17:04:26","17:13:36","abort","Celia;Ariek","Ariek","Marie","T","TAI","17:13:26","TAI","Leave","TOT","Not Mutual",NA,NA,NA,NA,NA,"5B7CFADE-EE46-4CEE-8220-7028D06618CE","v2.8","v3.1","2018-12-17,16:41:39","2018-12-17,17:28:12","2018-12-17,17:04:26","2018-12-17,17:13:36"
2018-12-19,"07:07:04","09:05:25","09:08:32","abort","Ariek;Monika","Ariek","Jane","T","TAN","09:05:50","TAN","Foraging State","TAN",NA,NA,NA,NA,NA,NA,"B55C5181-F1E1-4674-86D8-50107ED445A6","v2.8","v3.1","2018-12-19,07:07:04","2018-12-19,09:15:21","2018-12-19,09:05:25","2018-12-19,09:08:32"
2018-12-19,"07:07:04","09:05:25","09:08:32","abort","Ariek;Monika","Ariek","Jane","T","TAN","09:05:52","TAN","Forage","TAN",NA,NA,NA,NA,NA,NA,"B55C5181-F1E1-4674-86D8-50107ED445A6","v2.8","v3.1","2018-12-19,07:07:04","2018-12-19,09:15:21","2018-12-19,09:05:25","2018-12-19,09:08:32"
2018-12-19,"07:07:04","09:05:25","09:08:32","abort","Ariek;Monika","Ariek","Jane","T","TAN","09:05:58","TAN","Travel","TAN",NA,NA,NA,NA,NA,NA,"B55C5181-F1E1-4674-86D8-50107ED445A6","v2.8","v3.1","2018-12-19,07:07:04","2018-12-19,09:15:21","2018-12-19,09:05:25","2018-12-19,09:08:32"
2018-12-19,"07:07:04","09:05:25","09:08:32","abort","Ariek;Monika","Ariek","Jane","T","TAN","09:06:22","TAN","Forage","TAN",NA,NA,NA,NA,NA,NA,"B55C5181-F1E1-4674-86D8-50107ED445A6","v2.8","v3.1","2018-12-19,07:07:04","2018-12-19,09:15:21","2018-12-19,09:05:25","2018-12-19,09:08:32"
2018-12-19,"07:07:04","09:05:25","09:08:32","abort","Ariek;Monika","Ariek","Jane","T","TAN","09:06:45","TAN","Travel","TAN",NA,NA,NA,NA,NA,NA,"B55C5181-F1E1-4674-86D8-50107ED445A6","v2.8","v3.1","2018-12-19,07:07:04","2018-12-19,09:15:21","2018-12-19,09:05:25","2018-12-19,09:08:32"
2018-12-19,"07:07:04","09:05:25","09:08:32","abort","Ariek;Monika","Ariek","Jane","T","TAN","09:07:05","TAN","Approach","UNK_1","Not Mutual",NA,NA,NA,NA,NA,"B55C5181-F1E1-4674-86D8-50107ED445A6","v2.8","v3.1","2018-12-19,07:07:04","2018-12-19,09:15:21","2018-12-19,09:05:25","2018-12-19,09:08:32"
2018-12-19,"07:07:04","09:05:25","09:08:32","abort","Ariek;Monika","Ariek","Jane","T","TAN","09:07:16","TAN","Forage","TAN",NA,NA,NA,NA,NA,NA,"B55C5181-F1E1-4674-86D8-50107ED445A6","v2.8","v3.1","2018-12-19,07:07:04","2018-12-19,09:15:21","2018-12-19,09:05:25","2018-12-19,09:08:32"
2018-12-19,"07:07:04","09:05:25","09:08:32","abort","Ariek;Monika","Ariek","Jane","T","TAN","09:07:21","TAN","Travel","TAN",NA,NA,NA,NA,NA,NA,"B55C5181-F1E1-4674-86D8-50107ED445A6","v2.8","v3.1","2018-12-19,07:07:04","2018-12-19,09:15:21","2018-12-19,09:05:25","2018-12-19,09:08:32"
2018-12-19,"10:07:42","15:55:05",NA,"abort","Ariek;Monika","Ariek","Jane","T","TAB","15:55:47","TAB","Foraging State","TAB",NA,NA,NA,NA,NA,NA,"B55C5181-F1E1-4674-86D8-50107ED445A6","v2.8","v3.1","2018-12-19,10:07:42",NA,"2018-12-19,15:55:05",NA
2018-12-19,"10:07:42","15:55:05",NA,"abort","Ariek;Monika","Ariek","Jane","T","TAB","15:58:29","TAB","Eat","TAB",NA,NA,NA,NA,"Fruit",NA,"B55C5181-F1E1-4674-86D8-50107ED445A6","v2.8","v3.1","2018-12-19,10:07:42",NA,"2018-12-19,15:55:05",NA
2018-12-19,"10:07:42","15:55:05",NA,"abort","Ariek;Monika","Ariek","Jane","T","TAB","15:58:39","TAB","Forage","TAB",NA,NA,NA,NA,NA,NA,"B55C5181-F1E1-4674-86D8-50107ED445A6","v2.8","v3.1","2018-12-19,10:07:42",NA,"2018-12-19,15:55:05",NA
2018-12-19,"10:07:42","15:55:05",NA,"abort","Ariek;Monika","Ariek","Jane","T","TAB","15:58:45","TAN","Approach","TAB","Not Mutual",NA,NA,NA,NA,NA,"B55C5181-F1E1-4674-86D8-50107ED445A6","v2.8","v3.1","2018-12-19,10:07:42",NA,"2018-12-19,15:55:05",NA
2018-12-19,"10:07:42","15:55:05",NA,"abort","Ariek;Monika","Ariek","Jane","T","TAB","15:58:58","TAB","Submissive","TAN","Dyad",NA,NA,NA,NA,NA,"B55C5181-F1E1-4674-86D8-50107ED445A6","v2.8","v3.1","2018-12-19,10:07:42",NA,"2018-12-19,15:55:05",NA
2018-12-19,"10:07:42","15:55:05",NA,"abort","Ariek;Monika","Ariek","Jane","T","TAB","15:59:05","TAB","Twitter","TAN",NA,NA,NA,NA,NA,NA,"B55C5181-F1E1-4674-86D8-50107ED445A6","v2.8","v3.1","2018-12-19,10:07:42",NA,"2018-12-19,15:55:05",NA
2018-12-19,"10:07:42","15:55:05",NA,"abort","Ariek;Monika","Ariek","Jane","T","TAB","15:59:07","TAB","Social State","TAB",NA,NA,NA,NA,NA,NA,"B55C5181-F1E1-4674-86D8-50107ED445A6","v2.8","v3.1","2018-12-19,10:07:42",NA,"2018-12-19,15:55:05",NA
2018-12-19,"10:07:42","15:55:05",NA,"abort","Ariek;Monika","Ariek","Jane","T","TAB","15:59:07","TAB","Travel","TAB",NA,NA,NA,NA,NA,NA,"B55C5181-F1E1-4674-86D8-50107ED445A6","v2.8","v3.1","2018-12-19,10:07:42",NA,"2018-12-19,15:55:05",NA
